,principal_components,explained_variance,cumulative_variance
0,principal_component_1,0.36956625429396395,0.36956625429396395
1,principal_component_2,0.14085529611905423,0.5104215504130182
2,principal_component_3,0.08907764163557741,0.5994991920485956
