,principal_components,explained_variance,cumulative_variance
0,principal_component_1,0.6737442381339482,0.6737442381339482
1,principal_component_2,0.09878698709315484,0.772531225227103
2,principal_component_3,0.08373991794425799,0.856271143171361
